<?xml version="1.0" encoding="UTF-8"?>
<GenRun Id="impl_1" LaunchPart="xc7a100tcsg324-1" LaunchTime="1587660436">
  <File Type="ROUTE-BUS-SKEW-PB" Name="Manager0s1sPL_bus_skew_routed.pb"/>
  <File Type="ROUTE-BUS-SKEW" Name="Manager0s1sPL_bus_skew_routed.rpt"/>
  <File Type="ROUTE-CLK" Name="Manager0s1sPL_clock_utilization_routed.rpt"/>
  <File Type="ROUTE-TIMING-RPX" Name="Manager0s1sPL_timing_summary_routed.rpx"/>
  <File Type="ROUTE-TIMING-PB" Name="Manager0s1sPL_timing_summary_routed.pb"/>
  <File Type="ROUTE-TIMINGSUMMARY" Name="Manager0s1sPL_timing_summary_routed.rpt"/>
  <File Type="ROUTE-STATUS-PB" Name="Manager0s1sPL_route_status.pb"/>
  <File Type="ROUTE-STATUS" Name="Manager0s1sPL_route_status.rpt"/>
  <File Type="ROUTE-PWR-RPX" Name="Manager0s1sPL_power_routed.rpx"/>
  <File Type="ROUTE-PWR-SUM" Name="Manager0s1sPL_power_summary_routed.pb"/>
  <File Type="ROUTE-PWR" Name="Manager0s1sPL_power_routed.rpt"/>
  <File Type="ROUTE-DRC-PB" Name="Manager0s1sPL_drc_routed.pb"/>
  <File Type="ROUTE-DRC" Name="Manager0s1sPL_drc_routed.rpt"/>
  <File Type="ROUTE-BLACKBOX-DCP" Name="Manager0s1sPL_routed_bb.dcp"/>
  <File Type="ROUTE-DCP" Name="Manager0s1sPL_routed.dcp"/>
  <File Type="ROUTE-ERROR-DCP" Name="Manager0s1sPL_routed_error.dcp"/>
  <File Type="PHYSOPT-DCP" Name="Manager0s1sPL_physopt.dcp"/>
  <File Type="PWROPT-DCP" Name="Manager0s1sPL_pwropt.dcp"/>
  <File Type="ROUTE-DRC-RPX" Name="Manager0s1sPL_drc_routed.rpx"/>
  <File Type="OPT-HWDEF" Name="Manager0s1sPL.hwdef"/>
  <File Type="OPT-DCP" Name="Manager0s1sPL_opt.dcp"/>
  <File Type="ROUTE-METHODOLOGY-DRC" Name="Manager0s1sPL_methodology_drc_routed.rpt"/>
  <File Type="PLACE-UTIL-PB" Name="Manager0s1sPL_utilization_placed.pb"/>
  <File Type="WBT-USG" Name="usage_statistics_webtalk.html"/>
  <File Type="PA-TCL" Name="Manager0s1sPL.tcl"/>
  <File Type="BG-BIT" Name="Manager0s1sPL.bit"/>
  <File Type="BITSTR-MSK" Name="Manager0s1sPL.msk"/>
  <File Type="POSTPLACE-PWROPT-DCP" Name="Manager0s1sPL_postplace_pwropt.dcp"/>
  <File Type="BITSTR-RBT" Name="Manager0s1sPL.rbt"/>
  <File Type="BITSTR-NKY" Name="Manager0s1sPL.nky"/>
  <File Type="BITSTR-BMM" Name="Manager0s1sPL_bd.bmm"/>
  <File Type="PDI-FILE" Name="Manager0s1sPL.pdi"/>
  <File Type="BITSTR-MMI" Name="Manager0s1sPL.mmi"/>
  <File Type="POSTROUTE-PHYSOPT-DCP" Name="Manager0s1sPL_postroute_physopt.dcp"/>
  <File Type="BG-BGN" Name="Manager0s1sPL.bgn"/>
  <File Type="PLACE-DCP" Name="Manager0s1sPL_placed.dcp"/>
  <File Type="BG-BIN" Name="Manager0s1sPL.bin"/>
  <File Type="RCFI_FILE" Name="Manager0s1sPL.rcfi"/>
  <File Type="RDI-RDI" Name="Manager0s1sPL.vdi"/>
  <File Type="BG-DRC" Name="Manager0s1sPL.drc"/>
  <File Type="CFI_FILE" Name="Manager0s1sPL.cfi"/>
  <File Type="BITSTR-SYSDEF" Name="Manager0s1sPL.sysdef"/>
  <File Type="POSTROUTE-PHYSOPT-BLACKBOX-DCP" Name="Manager0s1sPL_postroute_physopt_bb.dcp"/>
  <File Type="NPI_FILE" Name="Manager0s1sPL.npi"/>
  <File Type="RNPI_FILE" Name="Manager0s1sPL.rnpi"/>
  <File Type="BITSTR-LTX" Name="Manager0s1sPL.ltx"/>
  <File Type="RBD_FILE" Name="Manager0s1sPL.rbd"/>
  <File Type="ROUTE-BUS-SKEW-RPX" Name="Manager0s1sPL_bus_skew_routed.rpx"/>
  <File Type="PLACE-PRE-SIMILARITY" Name="Manager0s1sPL_incremental_reuse_pre_placed.rpt"/>
  <File Type="ROUTE-METHODOLOGY-DRC-RPX" Name="Manager0s1sPL_methodology_drc_routed.rpx"/>
  <File Type="PLACE-UTIL" Name="Manager0s1sPL_utilization_placed.rpt"/>
  <File Type="PLACE-IO" Name="Manager0s1sPL_io_placed.rpt"/>
  <File Type="PLACE-CTRL" Name="Manager0s1sPL_control_sets_placed.rpt"/>
  <File Type="ROUTE-METHODOLOGY-DRC-PB" Name="Manager0s1sPL_methodology_drc_routed.pb"/>
  <File Type="REPORTS-TCL" Name="Manager0s1sPL_reports.tcl"/>
  <File Type="OPT-DRC" Name="Manager0s1sPL_drc_opted.rpt"/>
  <FileSet Name="sources" Type="DesignSrcs" RelSrcDir="$PSRCDIR/sources_1">
    <Filter Type="Srcs"/>
    <File Path="$PSRCDIR/sources_1/new/Contador_Johnson.vhd">
      <FileInfo>
        <Attr Name="ImportPath" Val="$PPRDIR/../../../../Escritorio/dsd/practica3/practica3.srcs/sources_1/new/Contador_Johnson.vhd"/>
        <Attr Name="ImportTime" Val="1586989520"/>
        <Attr Name="UsedIn" Val="synthesis"/>
        <Attr Name="UsedIn" Val="simulation"/>
      </FileInfo>
    </File>
    <File Path="$PSRCDIR/sources_1/new/DivFreq.vhd">
      <FileInfo>
        <Attr Name="ImportPath" Val="$PPRDIR/../../../../Escritorio/dsd/practica3/practica3.srcs/sources_1/new/DivFreq.vhd"/>
        <Attr Name="ImportTime" Val="1587575773"/>
        <Attr Name="UsedIn" Val="synthesis"/>
        <Attr Name="UsedIn" Val="simulation"/>
      </FileInfo>
    </File>
    <File Path="$PSRCDIR/sources_1/new/Manager0s1sPL.vhd">
      <FileInfo>
        <Attr Name="ImportPath" Val="$PPRDIR/../../../../Escritorio/dsd/practica3/practica3.srcs/sources_1/new/Manager0s1sPL.vhd"/>
        <Attr Name="ImportTime" Val="1587580562"/>
        <Attr Name="UsedIn" Val="synthesis"/>
        <Attr Name="UsedIn" Val="simulation"/>
      </FileInfo>
    </File>
    <File Path="$PSRCDIR/sources_1/new/ROM.vhd">
      <FileInfo>
        <Attr Name="AutoDisabled" Val="1"/>
        <Attr Name="ImportPath" Val="$PPRDIR/../../../../Escritorio/dsd/practica3/practica3.srcs/sources_1/new/ROM.vhd"/>
        <Attr Name="ImportTime" Val="1586979254"/>
        <Attr Name="UsedIn" Val="synthesis"/>
        <Attr Name="UsedIn" Val="simulation"/>
      </FileInfo>
    </File>
    <File Path="$PSRCDIR/sources_1/new/Manager0s1sROM.vhd">
      <FileInfo>
        <Attr Name="AutoDisabled" Val="1"/>
        <Attr Name="ImportPath" Val="$PPRDIR/../../../../Escritorio/dsd/practica3/practica3.srcs/sources_1/new/Manager0s1sROM.vhd"/>
        <Attr Name="ImportTime" Val="1587580531"/>
        <Attr Name="UsedIn" Val="synthesis"/>
        <Attr Name="UsedIn" Val="simulation"/>
      </FileInfo>
    </File>
    <File Path="$PSRCDIR/sources_1/new/MooreFSM.vhd">
      <FileInfo>
        <Attr Name="AutoDisabled" Val="1"/>
        <Attr Name="ImportPath" Val="$PPRDIR/../../../../Escritorio/dsd/practica3/practica3.srcs/sources_1/new/MooreFSM.vhd"/>
        <Attr Name="ImportTime" Val="1586197182"/>
        <Attr Name="UsedIn" Val="synthesis"/>
        <Attr Name="UsedIn" Val="simulation"/>
      </FileInfo>
    </File>
    <Config>
      <Option Name="DesignMode" Val="RTL"/>
      <Option Name="TopModule" Val="Manager0s1sPL"/>
    </Config>
  </FileSet>
  <FileSet Name="constrs_in" Type="Constrs" RelSrcDir="$PSRCDIR/constrs_1">
    <Filter Type="Constrs"/>
    <File Path="$PSRCDIR/constrs_1/new/NexysA7-100T.xdc">
      <FileInfo>
        <Attr Name="ImportPath" Val="$PPRDIR/../../../../Escritorio/dsd/practica3/practica3.srcs/constrs_1/new/NexysA7-100T.xdc"/>
        <Attr Name="ImportTime" Val="1587579330"/>
        <Attr Name="UsedIn" Val="synthesis"/>
        <Attr Name="UsedIn" Val="implementation"/>
      </FileInfo>
    </File>
    <Config>
      <Option Name="ConstrsType" Val="XDC"/>
    </Config>
  </FileSet>
  <FileSet Name="utils" Type="Utils" RelSrcDir="$PSRCDIR/utils_1">
    <Filter Type="Utils"/>
    <Config>
      <Option Name="TopAutoSet" Val="TRUE"/>
    </Config>
  </FileSet>
  <Strategy Version="1" Minor="2">
    <StratHandle Name="Vivado Implementation Defaults" Flow="Vivado Implementation 2019"/>
    <Step Id="init_design"/>
    <Step Id="opt_design"/>
    <Step Id="power_opt_design"/>
    <Step Id="place_design"/>
    <Step Id="post_place_power_opt_design"/>
    <Step Id="phys_opt_design" EnableStepBool="1"/>
    <Step Id="route_design"/>
    <Step Id="post_route_phys_opt_design"/>
    <Step Id="write_bitstream"/>
    <Step Id="write_device_image"/>
  </Strategy>
</GenRun>
