<?xml version="1.0" encoding="UTF-8"?>
<GenRun Id="synth_1" LaunchPart="xc7a100tcsg324-1" LaunchTime="1587660436">
  <File Type="RDS-RDS" Name="Manager0s1sPL.vds"/>
  <File Type="REPORTS-TCL" Name="Manager0s1sPL_reports.tcl"/>
  <File Type="PA-TCL" Name="Manager0s1sPL.tcl"/>
  <File Type="RDS-UTIL" Name="Manager0s1sPL_utilization_synth.rpt"/>
  <File Type="RDS-DCP" Name="Manager0s1sPL.dcp"/>
  <File Type="RDS-UTIL-PB" Name="Manager0s1sPL_utilization_synth.pb"/>
  <FileSet Name="sources" Type="DesignSrcs" RelSrcDir="$PSRCDIR/sources_1">
    <Filter Type="Srcs"/>
    <File Path="$PSRCDIR/sources_1/new/Contador_Johnson.vhd">
      <FileInfo>
        <Attr Name="ImportPath" Val="$PPRDIR/../../../../Escritorio/dsd/practica3/practica3.srcs/sources_1/new/Contador_Johnson.vhd"/>
        <Attr Name="ImportTime" Val="1586989520"/>
        <Attr Name="UsedIn" Val="synthesis"/>
        <Attr Name="UsedIn" Val="simulation"/>
      </FileInfo>
    </File>
    <File Path="$PSRCDIR/sources_1/new/DivFreq.vhd">
      <FileInfo>
        <Attr Name="ImportPath" Val="$PPRDIR/../../../../Escritorio/dsd/practica3/practica3.srcs/sources_1/new/DivFreq.vhd"/>
        <Attr Name="ImportTime" Val="1587575773"/>
        <Attr Name="UsedIn" Val="synthesis"/>
        <Attr Name="UsedIn" Val="simulation"/>
      </FileInfo>
    </File>
    <File Path="$PSRCDIR/sources_1/new/Manager0s1sPL.vhd">
      <FileInfo>
        <Attr Name="ImportPath" Val="$PPRDIR/../../../../Escritorio/dsd/practica3/practica3.srcs/sources_1/new/Manager0s1sPL.vhd"/>
        <Attr Name="ImportTime" Val="1587580562"/>
        <Attr Name="UsedIn" Val="synthesis"/>
        <Attr Name="UsedIn" Val="simulation"/>
      </FileInfo>
    </File>
    <File Path="$PSRCDIR/sources_1/new/ROM.vhd">
      <FileInfo>
        <Attr Name="AutoDisabled" Val="1"/>
        <Attr Name="ImportPath" Val="$PPRDIR/../../../../Escritorio/dsd/practica3/practica3.srcs/sources_1/new/ROM.vhd"/>
        <Attr Name="ImportTime" Val="1586979254"/>
        <Attr Name="UsedIn" Val="synthesis"/>
        <Attr Name="UsedIn" Val="simulation"/>
      </FileInfo>
    </File>
    <File Path="$PSRCDIR/sources_1/new/Manager0s1sROM.vhd">
      <FileInfo>
        <Attr Name="AutoDisabled" Val="1"/>
        <Attr Name="ImportPath" Val="$PPRDIR/../../../../Escritorio/dsd/practica3/practica3.srcs/sources_1/new/Manager0s1sROM.vhd"/>
        <Attr Name="ImportTime" Val="1587580531"/>
        <Attr Name="UsedIn" Val="synthesis"/>
        <Attr Name="UsedIn" Val="simulation"/>
      </FileInfo>
    </File>
    <File Path="$PSRCDIR/sources_1/new/MooreFSM.vhd">
      <FileInfo>
        <Attr Name="AutoDisabled" Val="1"/>
        <Attr Name="ImportPath" Val="$PPRDIR/../../../../Escritorio/dsd/practica3/practica3.srcs/sources_1/new/MooreFSM.vhd"/>
        <Attr Name="ImportTime" Val="1586197182"/>
        <Attr Name="UsedIn" Val="synthesis"/>
        <Attr Name="UsedIn" Val="simulation"/>
      </FileInfo>
    </File>
    <Config>
      <Option Name="DesignMode" Val="RTL"/>
      <Option Name="TopModule" Val="Manager0s1sPL"/>
    </Config>
  </FileSet>
  <FileSet Name="constrs_in" Type="Constrs" RelSrcDir="$PSRCDIR/constrs_1">
    <Filter Type="Constrs"/>
    <File Path="$PSRCDIR/constrs_1/new/NexysA7-100T.xdc">
      <FileInfo>
        <Attr Name="ImportPath" Val="$PPRDIR/../../../../Escritorio/dsd/practica3/practica3.srcs/constrs_1/new/NexysA7-100T.xdc"/>
        <Attr Name="ImportTime" Val="1587579330"/>
        <Attr Name="UsedIn" Val="synthesis"/>
        <Attr Name="UsedIn" Val="implementation"/>
      </FileInfo>
    </File>
    <Config>
      <Option Name="ConstrsType" Val="XDC"/>
    </Config>
  </FileSet>
  <FileSet Name="utils" Type="Utils" RelSrcDir="$PSRCDIR/utils_1">
    <Filter Type="Utils"/>
    <Config>
      <Option Name="TopAutoSet" Val="TRUE"/>
    </Config>
  </FileSet>
  <Strategy Version="1" Minor="2">
    <StratHandle Name="Vivado Synthesis Defaults" Flow="Vivado Synthesis 2019"/>
    <Step Id="synth_design"/>
  </Strategy>
</GenRun>
